{
  "categories" : [{
    "name" : "antipasti",
    "description": "Come non iniziare un pasto se non con un interessante antipasto?",
    "img": "img/icons/antipasti.png"
  },{
    "name" : "primi",
    "description": "Un buon primo per iniziare al meglio il pranzo!",
    "img": "img/icons/primi.png"
  },{
    "name": "secondi",
    "description": "E che fai, non lo prendi un delizioso secondo?",
    "img": "img/icons/secondi.png"
  },{
    "name": "dolci",
    "description": "Lo sfizio che piace a grandi e piccini, ai tristi e ai felici: insomma, a tutti!",
    "img": "img/icons/dolci.png"
  },{
    "name": "caffè e bevande",
    "description": "Chiudere il pasto con un buon caffè è sempre la scelta migliore! Parola della nonna!",
    "img": "img/icons/caffe.png"
  }
  ]
}